-6.080089223563684,-1.4699824212616668
-0.16053412744183462,0.12873022046228183
-2.7044353520649658,0.20046100745288567
-1.3906869767406551,6.794395471141391
-1.8412213445738301,0.09616116196048147
-2.7133847499994386,-3.5675634205948588
2.5201307777735096,-2.5346353283679424
-0.6074319196716811,-1.767207003556029
1.6386070995083448,0.9502433975653235
4.968499075047974,0.6851753415953618
-2.6195871018297705,-2.1011246325805657
-1.7865519513841221,-0.40000422769695043
-2.008853239097548,-1.3206366693674456
-1.246618688642668,-0.6470100819506648
0.08501537785200136,-1.681436106051842
-3.5670857628221615,0.3671197145348105
-0.5299450304851249,0.7547147927427753
-2.9753161414454627,-1.2026098579315434
-2.7564100942194716,-0.6218578290701128
-1.0837761691172403,-0.7529461260554341
-0.4950629159134043,-0.3323757895078138
0.9028370728360382,-0.39690127955754245
-3.3851570646345617,-2.1116436872247615
1.6007122575577817,5.818408062362234
3.602429508851502,-0.04674783805062278
2.9035505174270004,0.17001854063530544
0.03629744140759632,-0.8754712888535863
6.977203540198582,-0.7566061558502356
-1.7170006121352022,-1.0120692919458323
-0.7565947873491513,-0.38271363437549
-2.1574855644641633,-0.8288184753018121
2.1693301936345217,0.20823153071422673
-5.74843867221618,-1.0798643993677692
1.5145773803124858,-1.4709122697625157
-3.4508421877421496,-0.20672914287187494
1.6658186221362574,0.8066530972178549
2.4357768495545242,-0.9700767038914564
-5.178078331170634,-1.5331898385891256
-3.6653877043902967,-0.7468046152439943
-5.477535669928211,-1.9148423110366732
2.6281112484399753,-0.1897137040355565
2.5332371949330104,7.438551845787943
-0.44276905978090736,-0.798778401373448
5.156866501119819,0.7617338945554356
-1.2049681190244161,7.653007368033079
0.6539621086747333,-0.36943659628354913
3.2270685212599743,-0.2709046528578469
-2.63088555713261,5.452981114734895
-1.640338181744638,-1.3210497172712454
-4.804532085483196,-2.5637400969350175
1.0202861239700596,0.7973810319597997
-0.2170983224283265,-0.9292989397546556
-1.9217770630856508,-2.120458209921883
3.5694596973862387,0.375771762766116
2.596135622348236,0.7461861536583986
2.6366651471627245,-1.530711946280015
2.902007897331974,-0.6435945011998276
3.1776114355442693,-2.281733585401827
2.882583569480962,-0.38001976410023536
-1.826486178662765,0.3313565658208809
-4.34398625930224,-3.19657361082388
0.04461961712664774,-0.34466879583615634
-2.2080174018831946,-1.8880999175686233
0.23333760386438332,-0.507812610738908
-2.0734543821149183,0.27800932314606136
-2.669234370415185,-1.0766832902854222
3.2804261155342025,-1.9560754475023372
-4.011080342122414,-0.12982274257190288
0.635599595238204,-0.33954159546951335
2.024570570742398,0.8315731067010418
-2.7803423002688064,-1.4294866815137508
2.49008293781186,-0.3340137320929432
2.8363230580270207,0.44788779422085706
-1.6652363477476975,-0.09201411561971036
-1.4614201001359242,0.6587424658807345
-5.20054881794498,6.683088368340881
8.124926988870497,-0.23066945216559676
-5.820889506233929,-1.4182350549580394
-1.5745955654318442,-0.8394984415168024
0.24378888951090444,0.9071378685924865
-2.2212488715470937,-0.12809308410906267
-3.193018965016136,-0.18114815214163793
-1.0642713633464336,1.8944992047553955
1.8248172498580648,-0.7076260574328047
4.552705928956307,-2.7402595036506923
4.534553119791418,-1.02066680902109
3.3843001824139884,-0.14958797422845918
-1.995389282046048,-0.9290973518282488
-3.377740172091803,-0.04915149866116211
-1.377320592722737,6.976739014447187
-1.0193818271396975,-0.6990886608522787
-2.623014663765479,-0.5003001038065429
-3.0768399710360677,-1.8087399244196152
-1.1800661727908568,-1.0989514408214274
-1.6430670673684689,6.276877814364236
-6.01399805826628,-1.863966724602078
4.242617088504371,-0.4810733480994143
-1.0571254320008434,-1.3404147479842998
-2.363273731259028,-0.7226010126645875
2.6078961720598715,-2.471594840273239
0.30636937042669055,0.29264842634370475
-3.5377544245316455,0.6259339200787394
2.886501195299759,-1.3309979660733093
4.369342683197981,-1.2242803814866854
-0.6747287231620182,6.354015746716984
-4.756253162413587,-1.1626990933845216
-4.754854401010293,6.103309365007412
7.805930678516403,0.48702690239243474
-4.19142803520828,0.41679486969564156
-0.4801065528182978,-1.7164304714606844
-3.0688482365819136,-1.8720132364437254
-6.31514538036879,-1.7866526844818458
1.85853297832876,-0.434013925194953
-3.4192782107805053,-0.43240310311408
-1.5649072168154057,-1.5616791600618145
0.8792417827599626,0.5474106179829059
2.7451381447811625,-1.7634293338298077
-4.6346974579793,7.532047016693182
0.9454355712577686,-0.2989966180098699
-0.3379975643991267,-1.3133123577922758
-1.4775992640778681,8.281738468094282
0.8121385849173806,0.13527520447738972
0.8463339039161599,5.888959977664336
0.8331869500587851,-0.3663154712264291
-0.1889408342193803,-0.44576127813150157
3.4909483976687885,-0.03678410905114386
-1.9346175938225374,-0.25688483318309213
-1.5926802345609448,0.9474636885536889
3.0726532911611564,0.15388905983313586
-2.2959441498809086,-1.353374046900979
-1.6959018393225198,0.7509424222342548
-0.35091660582303036,-2.8309108033555916
-5.7195371683923915,-2.349611990951119
-6.712733802506857,-0.9159975732998437
-1.7556655253197355,-0.523006403000111
-0.8909798907381185,-0.3592743552818371
-0.18601583918296316,-0.6928442026333832
8.532139721014573,-0.5604898378945593
-1.489429352586686,-1.5873584536188563
2.251422612501276,-0.07017574605950433
1.2673289093724902,-0.2729247886418014
0.05787837472110722,-0.6721786749268267
5.938639935202754,-0.8709263806093678
2.9230241854060384,-0.05080070861472231
1.9706001272445215,-1.3610385592359187
-2.5730328540215774,5.42075193178527
1.9384301624433422,0.015999987658288143
-3.6200889158465195,5.387586900595128
-3.9520179956543244,-2.0486882808737614
13.574656115289084,2.180048665024595
-0.7813629114547929,-0.6767835380565602
4.4117287131619785,-1.1736253995151522
-2.5215098996590126,-0.5810775577533952
4.214579649575931,-0.18425668447682594
7.401034427139914,-0.6034061185128863
-2.942418179370604,6.680556893687587
1.7353621782127757,0.21772578192247516
-1.1355879895818657,-0.5396617699114857
1.3798047262849027,6.2228667839541965
0.9270225391842055,-1.2741960943506374
1.2190191989202406,-0.19983548552192257
0.5291449090469991,0.4165889830934979
4.745060156480803,-0.926753885978849
3.3953098446847294,-0.7831289631829432
-1.149854448269787,-0.06780148310624515
-0.23771355227685714,-0.8492676218890457
-2.148069378596033,-1.9132032161776327
-4.6134705585177525,4.964714954608237
-3.603886066801658,2.663901307842138
-3.55560405115633,4.963207327907259
-4.0042972160323185,-0.34280883720213245
1.8030955511446325,-1.3900086175495472
2.844744061971369,0.5961078993736062
-6.042942415292927,-1.0367906946168044
-3.7666347350782194,4.7811589291727215
3.018493700293462,-0.705435125015104
-2.5837298450905046,0.12818117063786147
-0.5915265570948347,-0.685693713919139
-3.0896374697577627,1.8267186649963671
1.350450158678441,-0.4839896358190687
-2.036258589189154,-0.5702796152771765
1.7870998379256302,0.2925885309924875
-6.166423596260866,-1.8900390753178398
-3.832537884710784,0.00596627929899701
4.17257077612059,-0.8718821101651636
5.227595594108055,0.35762480493654514
-0.8085162365406237,0.09722097069906883
-0.801815906265961,7.538826828754755
-2.8401326742764383,-1.0858511535218192
-5.493710366534074,-0.1483846251110002
-4.027086599501286,1.154932694787156
3.6390553368709324,1.1385072286639102
-0.9158882548159044,-0.5860181334175549
-0.7385343345489431,0.39347813906973744
-4.461007560306084,-0.7092462057776274
3.78289009014606,4.759603558932892
-0.6781163785075471,0.1841764044485486
3.2471815763119607,0.19650485542151033
-3.8567736154088053,7.0683273789070205
-1.226379719778134,-0.4570617221475876
-2.2879143783801856,2.2967379278379725
-2.271273406117,0.22343182342937623
-1.8668863973814913,-0.2175915071186449
2.7339433196697356,-2.2481015931984896
4.794556461475931,-0.662587817434319
0.3267413118849423,5.757835273251893
-1.5415154724584634,-0.05061774924142258
-3.832482789737317,-2.3943578250913906
-1.6841010686701336,0.728144399723784
-0.13229797357733208,-0.08831098980794513
-2.073976556317152,-1.8585157804618961
-2.07753701864609,-0.7573684258708858
7.719092155414209,0.19270165412447168
3.997622924563003,-1.7813476758266327
2.6289639777125067,0.3167782219687481
4.249706733746555,-0.6632144980762318
0.43902285733172075,-0.8418594048713058
-1.6859969972664743,-0.551638572563542
-2.503570215077282,5.5312841125407735
-4.01901687920881,-2.9834968386794207
-0.005336612942598045,6.013756906100693
-2.2791017703257084,-0.8050547720690273
-0.8736137462773469,-0.08239574945662712
-2.876584291460719,4.58078427774045
3.951194253336642,-0.8037842346583745
-2.1326318145323433,-0.8230321038218354
7.118811418374224,-0.40130895387938953
-5.783624999966396,-1.7798961327729652
-1.9479065062849525,1.7346087432952493
-1.6916505385596534,0.3025786446887877
1.627922823182831,-0.7689194144679943
-4.5957116484463585,-0.5120567113211106
0.537648804691005,0.08539157025175605
4.299324638064612,-1.018864445045437
-2.1624749808571586,-0.6774403173949205
-1.624233896235587,-1.7524900565551793
0.450361939139496,-1.2730117312068618
2.11826204097934,-1.2151723840251074
-0.6240413792369877,0.5820505144830617
1.7513957556797346,-3.561732623636235
0.830027031431503,-0.8326282528878448
3.106990921154146,0.1533561921493925
2.0009199323431117,-3.275027846696055
-3.7838038411151182,5.239903056786825
-4.237675522663622,-0.5733325741731196
-0.07319726410437934,-1.2264766201243824
-2.9401265243256733,-0.41018910133492903
1.7071066989111816,-0.3075540826708658
7.6163173270551425,-0.1266691674218215
-1.9312496024123476,-0.3271337419536735
-2.754298643402164,-1.5092559914154469
-1.3997150912585445,-0.7446223418061435
-2.5108803509065107,5.299723057265402
4.533849774545388,-1.045659452567945
-3.4855360528231643,4.8338663240807955
1.6007310031280046,-0.4358247508834767
0.9556785890494619,0.5866498642692891
-3.300036445195154,-2.34840858207477
2.22161800010613,0.04620001566820222
3.5380359584970327,-2.16404082603367
0.8053942433085999,0.44203234741012887
1.2400545556976077,-1.359770489579663
2.643429205754235,-0.7709066723941027
0.6661325775529141,8.277185883080882
-3.272220217615828,-2.125800021486263
-1.2459138731269255,7.731485410958429
5.810225324764519,0.013374526544402507
-3.7283825412204363,-1.0527242553547733
-2.667019287936722,-2.0316729836530363
-3.9648050260047043,-0.3093771212809255
1.7698315508824898,-0.9690067415915873
-2.0896042977622202,0.5175554228721496
-0.020818645270770972,-1.4818290142219126
-1.1690375729473401,7.096989511695826
6.9704069628575125,-0.8104241084379754
-4.243760410450756,-3.093715159750854
-2.4653540813072556,-2.7719078923517295
-0.09986136522239236,0.5293737586760724
-4.161666316698832,-0.44045564570824663
4.475635530963778,-0.9376162121754457
-0.8455638494503932,0.8148736955219871
-2.6208708557636315,-0.9167285500729091
-1.8412994469031656,0.12976733362271764
1.8667912772580162,0.8507096231506912
-2.56588311963305,-3.6189705147554316
1.9860287754233479,0.6956532707165817
-1.04954709332294,8.091175577048675
4.168409639819514,-0.23394327838314974
-1.5506841233121722,0.051667280400375964
0.19717433810969304,-0.04099461825199908
0.6093818753599501,0.08441802741348688
-2.196004894057694,1.0738609881295056
-0.22930147899019307,-1.1861099153084753
2.2865301915479024,-2.4091136686053107
1.3324024221320365,-0.4976416268001359
-1.0669756470757217,0.6186539075357519
1.9026697232570007,-0.6821375011302387
-1.5596989424362555,0.48606632357583474
-2.253305153524179,0.19700754270115478
-2.494504201445656,-1.6044720964342771
-2.4860578344057442,-0.37472926442738275
-4.595162232122981,-1.8028465667345543
-2.709144068892246,0.4641901462648563
-1.4344546371680065,0.9030649842565774
-0.9941388169212537,-0.35019582918762754
0.4926595081435058,3.7818519093586183
3.3035400914361026,-1.0367916487346178
-1.0885130043632725,-0.243957126799837
-3.4328893146271566,-1.829295343132433
-5.572004090242442,-1.418204094939634
7.080844446370066,-0.7821389629653441
-2.58647644512278,6.54959506354525
1.8485744321311504,-0.08475103606816034
0.03342914515167847,0.09256277053807553
-2.3923804155736383,1.0313529393458232
-0.598465667439116,-1.411282115595152
-2.735759438536206,6.8851207291825975
4.857726158103968,-0.9951721556747655
4.1699118791988194,-1.2140191158850633
-0.647302475129813,7.946865425392968
-5.215323313890309,-1.7277314109440032
1.1054640172511434,0.8607926084310893
-2.3831615487054494,7.642843929489567
2.6725484281150784,-2.1959882708109326
-3.5926197995209312,-0.5236495195680547
-0.2503704775782979,1.7931828325826824
-0.7060908046595602,-0.8516371862704374
-2.8951145295962415,0.25156509798247545
-2.8504246318648176,6.52341450553307
-1.4240365796752905,-0.519672314316487
-1.4689105845343116,-1.0590053540116293
4.375195484984544,0.6474494253428201
1.1447168554394505,-4.114079728044318
-0.008967755670872218,-0.3340671746520803
-4.357880468236763,-1.1837556487294223
1.4465428136799754,2.291009737680137
-1.6541815179623232,-2.694191343663414
7.162835400059531,-0.04890068858709182
2.0047541166176432,-3.2650283879592807
2.390018292943164,-2.6994658213426193
7.023803216231982,-0.31150462526936273
0.15746545308362267,0.9585662612114274
-0.33786815244564217,-1.6423544582149714
1.849875973492001,6.569145924146377
6.1547663037814875,-0.21530828417670056
-1.5069803722515127,-0.5905253123616624
-2.1909436448257207,5.930946146327721
8.72241058873523,-1.0703414152260318
2.697248706085659,0.11137751819829164
1.68628098568038,0.9986859511330329
-1.6550287872773646,0.3252524792475608
3.240700888525707,-1.462018990867968
-1.0026709894904873,-1.3165370027412633
-2.3486353310589156,0.32554381850253383
1.981889022088807,0.6933940033918172
-4.177566916910578,-0.016443411635308453
-2.7893399552636855,0.9396967956341055
2.1403906856694213,-0.8437655551680936
-2.5067394731561796,0.3056231270753973
-5.397456576388631,-3.0758370779471904
-0.399492670830464,1.653201298535789
-4.812732157473231,-1.5821299082318818
-1.2875756261822153,-0.4902229662439651
-3.2771315590779118,-1.497055328751819
3.133357193218518,-0.4396449474189405
-3.6179680704250736,4.901482040380524
-1.768488202364632,8.065402147481048
-3.5085693263738946,-2.7131004178533877
-3.499595740624127,-0.14191074529548184
-4.962213204680281,-1.6842596283942415
-0.9676232292384493,-0.5931344412677534
-0.5800087136264477,-0.14132619242415229
-5.680934272457441,-0.47408537271419254
1.3781822510671393,0.2034654605781369
-1.3870152868958676,-0.690763570072109
-1.1659698645543255,-2.4667450204781667
-5.137898211834751,-2.193907541398217
-0.5824310425189765,-0.18495984173660193
-3.873717425453325,0.3250443560627023
-1.8098568603314948,1.19486512476017
-4.927554239409004,5.903211190517477
-3.834630324376919,5.894372234538973
1.519179977775177,-0.8860786285031983
3.7614764347847602,-0.32576096949031896
-2.593439958860392,-1.42361533191586
-1.2686290380750869,-1.3551459177330343
4.242796243670609,-1.9038636915554472
-2.1821837534511426,-0.07949138740362896
-0.9791052962367207,7.754701278986677
-4.620944690968047,-2.1900976568659662
-4.148653993655655,-0.5288534084499474
-3.109736995103631,-0.7493361525214638
-0.07233345112026247,0.253481424820537
0.19998890834282987,0.14211749096429682
-2.354303528997789,0.1508233241461586
-0.979864711766699,-3.0844584838532794
-3.174735484924878,4.8903096731096545
-1.4349298514552458,-0.17227526007794844
-2.4634018089289413,-0.8678739639418099
0.7362965741053028,0.6495259325044016
0.5315768422487078,-1.1056858942244085
-3.6695546991874264,5.566492891835846
2.414199799035608,1.111080888976869
5.689312645968299,0.6003759543436153
2.3063995148269156,8.972724644137339
1.4612639320017478,0.974826462442829
-2.250185751756037,1.209504224494333
2.7228314966901914,8.539633496715537
1.5296149863739623,0.6599844260817024
-0.5567303287399226,1.0266722260170231
0.30879888788633225,-0.8942282524222014
0.859364801115376,5.916258886372385
0.6287516374088963,-0.012466991234216228
-2.9619873159413745,-1.3201461511808246
2.4038199238841624,-1.0246583781766052
-2.122263007956033,2.0400773225183872
-2.740229362514289,-0.3448335169941147
2.823238626423134,0.30392562516964894
-1.6963290086328953,0.5845734059587139
1.3025745234388484,6.037590748217851
-1.7463759452288463,0.7575550137653687
-7.18015043509655,-0.19774745054786783
7.063937472117644,-0.8216750019626121
-0.06039319334612965,0.30047640074918525
1.748221217396624,-1.2408311469471895
2.5559443558512305,-0.27370772394621024
-1.5100205189475402,-0.5525413350007611
-3.0635440560956204,-0.8817720592459665
-4.79835050913888,-0.6313335978096154
-3.0933770634315554,-0.7984623474595077
4.089029810492547,0.4168324498534512
-1.197663425857497,2.264012947758231
-4.966294461871153,-0.16657369876977324
0.31622582525030213,-0.5375541991592129
1.2880351709080704,-0.6070735082028097
-1.7513162629298555,-1.0998646073342284
-1.0436669877487132,6.003995406443932
2.7930427137250198,-2.0817125556608187
-0.8407085008987853,-2.1264447569833105
2.440657592974459,-2.8467011995652056
-4.931709000631992,-1.2216686616877368
-1.435172847419359,-2.1683076853135983
-0.7324102415505834,-0.6902362751441853
-1.710365571482219,-2.7137260388048827
7.360951730987687,-0.5397611650275679
0.4487928514835988,-0.5732038032868253
1.210049432898899,0.7452668372980779
-0.6021860596157345,-1.4504374838988667
-2.62324835124238,-0.049842401255559166
-3.1471206232128575,0.8968178222827562
-4.4691071516610394,5.863435568269394
0.5825507597638631,-0.5758620125046766
-2.3798353237196346,-2.5360521729663925
-0.2692746973766635,1.5002911580693898
-4.156007329376029,-0.7350137833653844
0.11497835445394645,-0.778974916349615
-0.40932925891561084,0.18970723826495933
-0.782409753346888,0.026471993957887574
0.7584944644838895,-1.0174767110719278
0.6849323229908066,-3.979840587508349
-2.4462271912891698,5.533956929930308
0.9023011798919868,-1.1606931515023413
-2.9583819179296555,-1.4782773994540972
-0.39989806900699026,-1.5986020809905213
-2.611042597988436,-0.6895001756950856
-1.5286436298968773,-1.6055639689103536
3.4435742275682815,-1.2544323060515732
0.900030922683048,-0.4406653217579576
0.4101009260329788,-0.17937455134138416
1.3807297194143138,5.553959997249511
3.725325138737838,0.18832942017769938
-3.1135444850974836,6.9678807302654695
-2.9899826262866114,0.5148376555364726
-0.8694535684641763,-1.4149053730004888
-3.161098584250385,-2.310373887241808
0.7930932374484587,-0.001370200941548847
-2.8074261822367155,5.302589771839232
0.7191627774266148,-0.9175051375533221
2.4426688081887793,1.2505471226913398
3.385376251030327,0.399662306916913
1.258162670391025,-1.6827481454851665
-0.7567297040721139,6.595285510477156
-3.8290270907606345,0.3168983149388339
0.12945146547910066,8.140915772775706
-3.8883117190994825,0.02327306790076585
3.3450424962459184,5.894436842275173
-1.203945781395266,1.6435179957839923
1.2230188153409236,-0.7078546845980506
2.415092539842242,-0.6842560998131685
-1.0830965264113654,-1.5716852230902638
-4.575478248444655,-5.836647499137754
-3.775336100264674,-1.118125213692598
2.7987378163911547,-0.767372952226669
-1.7378917658137405,-0.744189386716935
-2.3651299429017114,-1.8421312849498832
-1.8367852629793024,-0.7783701035193302
-5.12754860424818,3.662596192393562
2.7892432383968266,0.30766200429332435
0.852818152588561,0.4387114865252814
-0.7162919539775761,-1.4165350411842725
-1.4419102853028993,-0.7586655579307612
-1.2674093921304483,-0.24402020396448518
3.3270946251819753,-1.985671523507089
-1.4097784824896842,-0.2818331353375488
-2.46034370876336,-0.4620762171434621
-1.8108094589413881,-0.20898213897768486
-0.7275221127991519,-1.298206249347033
-2.624804881070153,5.359876312134557
-2.363273731259028,-0.7226010126645875
-0.7009185585887489,-0.4692722528900116
0.8847129974729884,7.888637022519249
-0.22513264837345964,-0.44582418671107243
0.568413431446291,8.326400911923995
-4.562541082081447,-0.4617023708817175
0.290825658966439,-0.8930159572534313
-1.840970586674942,-0.3376379135165383
0.5315048828042416,0.7105331274290885
0.6417177331815437,-0.6719783091784286
-2.4860478751763293,-1.6797955270983242
-3.443659747072719,-0.1786660498680938
-1.4613582389383706,-0.2970945410653993
-1.3829835325596704,4.684909826098601
0.6928468450794664,-1.7360460473484485
3.0631620482211845,-1.0367690719208573
-3.347634658029911,-1.404591673012794
1.4728753172601168,-0.9182394902854859
15.18943507926582,5.065427394522918
0.4648614853873554,0.22296956763129747
-0.15438901215833578,-0.8554565570494214
-0.40932925891561084,0.18970723826495933
-4.479427509675147,-1.6124781224156606
-1.3855591356136496,-0.22866285342326537
-5.428126632812485,3.539047004600161
-2.396104256062121,-1.0238122017319204
6.022259075525035,-0.03767268999598155
1.1904984922826432,-1.2395791676477494
1.201193337864316,-0.3029543146958818
-1.562575315810854,1.7279660769005185
-1.995389282046048,-0.9290973518282488
-1.4729408037444964,-1.1849872350731503
-3.483452418566777,-3.345816529010788
-0.9857845223880575,2.33374592776382
-0.7712230650963834,-0.8488175129959383
-3.0400993144656088,-1.4133513696714621
3.20055898300787,0.3637133975219967
3.849278570779941,-0.11841244700320976
-3.4689769876993903,-1.2451892776460805
2.0840381539853636,7.731005051000792
-1.3332471418236453,-0.11028562170247692
-2.9240249822047955,-0.03189641120451633
8.234883303933204,-0.49147711035475206
-1.0237244634477727,0.9159428894181344
-0.537705305281773,-1.0165616441313912
-4.109413158759548,4.938744584374561
6.271153784527881,1.8325432254358425
-1.7427776295281054,0.7651353328876668
-3.3464487540148617,-1.0522479274558607
-2.6313237355984085,-0.6093355664476635
-2.227609343568421,-2.360127177612477
-4.858645155962263,6.029516501965367
0.09487228603684679,-0.48074167579145877
-1.5797234412929733,-0.419291055661109
-1.4398346967219162,-2.0102919711613736
1.2975835554133688,-1.3749534098402236
-2.63796619847853,5.438993874328102
-1.9626959836086995,0.42467577067345574
-2.744593450736596,4.774193193077405
-2.2122129878820243,-0.6397653777459523
-4.86294952462689,4.054267543080264
2.4333129622548797,-1.2430330616268297
-1.0884536949344015,-0.42344752528658725
0.9298089526193151,-0.8608335851643248
-1.8885861842855385,-2.445795757034618
-3.110461159493993,4.798140318804683
2.9447134422809693,-0.47885184872070297
2.178846452349623,6.653949418491417
-2.0974108510479614,0.21725390046477602
-2.9970692945939694,-0.0558584114656534
0.4784027207550859,0.6657133297436273
-6.079525428644163,-0.5858723145922342
-3.209190125081923,-0.37062777049751566
2.7575127975428275,-0.5176481024135235
3.2932359987115425,0.39374250067587635
-5.755931611985542,0.3848028582807207
-5.646052049859851,0.6127027482975548
-3.3700089927459165,-1.283539293497735
0.18001908797435703,-1.016591029973872
-0.002282909908970178,-1.6237881684961089
-0.8755970255888086,-0.9325634261976992
-3.547748152886333,-1.07554871991443
-1.7859840350570828,-1.7926462080460972
0.6442541625785042,-3.066598333898845
-1.2745270956856833,-0.6050930929859346
-2.693060346573213,-3.0355415631686125
-4.642211778291484,-1.3387642475619275
-4.876234407784994,3.3741936869519424
4.4259935989118295,-1.2107706325103045
2.7104995434772174,-2.094556556686059
-1.5133349757668682,-0.4111550976855248
-2.3521869940487927,0.6117868637818817
-0.31690263305339,5.80683233473465
2.1690797315434502,-0.7003788294454475
-1.0530722012293898,-1.7381865025005092
-1.7913375040870423,-0.144479115819886
-2.942012070720542,-0.5136153781752896
3.2442294312959663,1.7276280492909935
-2.7699554945687317,0.3631577937371964
-3.750253463889413,0.6723393498661835
-1.0000187958356983,-1.0565301138271683
-0.2896818037891705,8.296817797053295
-3.3204150815565123,-0.05328824315393855
0.043089639071365426,-0.9161320951450663
-2.7062782073509655,-0.38076304691296586
1.6138539608361886,0.43802053520753786
1.8768094851205093,-1.1280612502415757
-0.7377385274107021,0.79558518893483
-1.4574998512692188,1.4689025864546152
0.7028339372949376,-0.2195846427856202
-6.41619322473357,0.012321355513303146
-2.31950632598565,-1.2379476172926411
2.5035824476648783,-0.02498871335361273
-0.09361920454542386,2.248945149934451
-2.4100165638054527,0.16806861672318554
1.8939349069759994,-0.09865594516247299
-3.7784255030031004,-3.06279381981735
-0.40116884525880175,-1.2617013271374362
-0.7919834125339842,5.3571656735022595
-0.18763641606518774,-0.9765881063575798
-2.907443609235106,-1.6112889002843855
-3.3269690020394793,-1.1668361694445268
-4.044828144206234,6.673249371461891
-1.0803991004204667,-0.2008525266715856
-3.1996351609469085,-1.138638800515177
-3.2012767512075873,-0.052644369915703766
-3.644709023275162,5.380353010887062
-2.9483753560770944,-0.7990515591549978
-4.712656844002397,-0.8762154625812326
-2.0277648001874398,-0.3916327584864817
-0.44102761629424964,0.6175795346111812
-0.4848612500097676,-1.2135977442624017
-2.1518398906946796,-1.7312666278648585
0.040084604882687745,-1.4443883714695467
1.1004691112414176,-1.1050866910109962
-1.0788305721854596,1.091843463907997
-0.8056702325423264,-0.40913060078178576
-0.7950817719545019,-1.2675707883459169
0.319576662803017,-0.8932861223875045
-1.06926402884106,1.3216525217328312
-2.4257320676252707,-0.5036383023513892
3.488951781710703,-1.1205049607186401
3.2328481477805724,1.4835644060393334
2.365159351727429,-0.3984769118923392
-0.8304252911171336,-0.09557419276584468
-2.7783718473600665,-0.4886962833524367
-3.590167898610292,-2.8308949762735063
3.1653472986251896,-0.23890358278212528
0.06049900317048299,-1.5863257365698078
0.07911965827210353,-0.9003644009003314
-0.3466659974291495,-1.204603309716155
-2.134492662686652,2.2140624574176835
-3.95739981419155,-1.1740302957750675
-4.53975981647997,5.778818271830861
-2.5131145021804357,-2.062688156063588
-2.2254454493644475,-2.397982636361399
-1.9964430615065762,1.6768657295838356
0.6741568499884593,8.259496017503421
-2.84600467437138,0.08956026162831694
-4.69238568933881,-1.081640647390929
-1.456624202185083,6.971929793875215
-2.8463641830387894,-0.45794873421711696
1.7597917557107408,-1.1549728711528942
7.726279521490491,-0.5635242530874683
-1.769508859577325,0.8690155468352228
-1.4073003485187894,-1.0885433068846846
-0.768360942241929,0.09166262866297445
1.2672258012800497,-1.5650605539844193
1.0755269474157045,-2.258586564793549
3.9592246707255923,0.3677474903587934
-3.7841277267345035,-3.0962892312744756
-1.1049508102765746,0.16092451795173984
-0.007929313685495352,-0.34430159772369656
-1.2394775515856782,0.15885462926150865
-0.8893573922174874,-0.8108150796171322
-5.579768484474554,-0.3405667510523164
3.3474861220294105,-0.3987849561085809
-2.011304339465456,0.011361143662226774
-0.37001105436945536,-0.48855325187850424
7.2274226167052875,-0.519371411640456
4.7060968964974625,-1.9968109655477881
-3.5918260495991072,-1.7206447918293186
1.4913535651774503,-0.021533056774334713
2.971977701659418,-0.027762962153117944
-2.13426739945568,4.694164082439305
-1.584048736204436,6.593491031627562
1.366484682728825,-1.5062198159857318
1.996167359701746,0.3971062400639777
4.624371979061289,-0.526256841284729
-2.802239327382799,-0.44143267726526
-0.9213790869777048,2.778865684394893
5.181536454968288,-0.702394411467769
-1.7189705789975822,0.19175180363692115
-5.471531304658977,0.9548456151996848
-5.628952340331556,3.393150470833347
2.234549326012244,-1.9362264688901238
0.2152958535262769,-3.094379403252318
-0.2642562241764484,0.26719096838948325
1.3311500586002876,6.669346017168834
-5.7642015884329725,-1.2724302738544429
-1.3963123480334967,-0.5257002217053286
-2.9129515629277063,-2.03543679740246
-1.8688261629126781,-0.7511440293367364
2.617782975910252,-0.6836160367574602
-2.171186570548061,-1.6303776531530372
-1.1935184014585574,-0.1110300269699552
2.920332487175166,0.48769153355340555
-0.2732297505646025,-0.9608234880983137
2.286157402052811,1.041809279790151
5.0382434659017585,0.45860427478469734
-3.583404465245804,5.997085719265461
3.5585951390998956,-0.7028549443121185
4.470758076566957,-0.9303188172984901
2.573311809769796,-2.2820291246542608
-1.5780137914985295,7.606434711766564
-2.7127194956968808,-0.773365370269568
-1.5336369676559796,-0.2773096227328205
-1.79806934622952,-3.019015839992794
-1.7268680175682822,0.5790281692612133
2.180022755204647,-2.4284708391769536
-4.392655483272805,5.6796623293789334
0.12108664053582369,1.9778221050642946
0.3527232019447223,1.1191632047995774
-3.456598649846117,-2.3609529341273707
-0.7460179917661882,5.568965992074533
-0.23331958206721512,-1.2159684740556274
-2.45476042686385,0.7138183365500282
2.913000973204405,1.2422057921568024
2.252626846299688,0.2354404890028193
3.7513976350389893,0.2546076693314358
2.5630597338085868,1.1946170236637048
-1.2434455912821754,0.39309228745028396
-4.570837917232526,-0.7115737456288836
-3.6647559341634794,-2.254370972319443
-2.4505928885464727,5.704832186998302
-3.357382192242748,7.362396816246591
0.9889837124150469,-0.5379420536004328
-0.7475096813560258,-0.6622813645541596
-2.4884975052327616,0.5045106242349833
-6.392686323062638,-1.3761063784694012
3.2257875661442696,-3.2292010487500096
6.624946164976602,-0.1174555616196111
-2.9354740245707185,-0.5220774609620509
0.4844456211490558,-0.5952275147610014
1.1514174391753649,0.1797763464057494
-1.5702786067047176,5.341813064891386
1.3673573913595345,-1.1879608531947443
-3.5297041583526942,-1.8375651028079805
2.239033915407024,-1.7813830343840735
3.540945887543718,-3.1758610221693133
-2.4310613331056317,5.3989129176510655
-3.9491050574388176,-0.26602058941500417
-0.16310505052261742,5.8688919287054135
-2.1406057278792123,-0.669779834836211
-2.0242281165270395,0.29202482235640986
-3.9510830389560123,0.3251395318556187
-5.89019784234862,-0.1742468514378008
1.8241644319788755,-1.3157673826774738
-1.2704126527726354,5.377977140616591
-0.7729822535259999,-0.7416991200155008
-5.447851055059385,-3.0500828079366427
0.028568825631550263,-1.511948381686104
-1.8927124091893068,0.7767179589567942
4.194995841596893,-1.3434984142439477
-3.2225149086837557,-0.9557784824338684
3.6277452405481703,1.4281847630006979
4.129325923560682,-0.5118362902065757
-3.5480123997352466,-0.7656606753976045
0.6408782201415523,-1.880251457919694
-1.5587533616325735,-0.02386653600271554
-2.313082076289569,-0.7853054109175406
0.0010068146941161471,-0.5982607626695466
1.3966707010989452,-0.5615432196331316
0.534828286540009,6.2130058743749546
-3.8754780384719356,-0.46182047725881303
-1.237306505142823,-0.545462826723365
-0.9958442259039804,-1.5898287728188334
-0.08776984775646567,-2.1390596174028476
-2.186100896760579,-0.6836736698290896
-1.428374037682048,-1.1149340221090556
-2.845088196333628,-1.4022052833403689
-1.429130100312319,0.4650926541977374
1.136926498104423,-1.6195273359643723
-1.1469314379309963,-2.2358349100766333
-0.6727684987147197,-0.8712719633710972
-5.621855187608101,-1.699945158558505
2.5888532916258025,0.013847750869957114
-2.417581521440465,-1.1569203900608676
-2.4387978533714736,0.7646111074397213
-1.4913664775028996,0.15083444151476383
1.3238465226344034,6.691193467114754
-6.478412857534283,-4.049227047736175
-2.592093355960042,-0.24100766405315405
1.18545202576945,-1.7403963105763762
-0.2267735550392348,-0.48019570864841943
2.393095748757083,-2.1690852859850644
4.156064765505304,-0.9532417397057871
1.1382471745340865,-0.5245561391783411
1.2190191989202466,-0.19983548552193062
-1.8035093611407729,-0.8029522895106052
-1.9716356703434994,-0.49481586189147214
2.5170386608805217,-0.6865268099150386
-2.511507218343695,-0.560062542352445
-4.116007833282218,4.933304401737332
0.6010096385974987,-0.13324350070567326
-2.8854043701270227,6.466400712453721
-4.479681366313778,-0.32146246525820754
-3.1401024434697273,0.3353417726767828
-3.1847673624554433,-0.1851207656965502
-0.9113685186388845,-0.04392534029699181
-2.9228670075769996,-1.273127485293262
-0.6557630625315236,-2.104654652659592
-3.671008909631041,-0.8736100544560123
1.2957069998331976,-2.701407129731075
1.9125270889192927,-0.4628466613914458
-3.6734102135292215,0.035929850633976086
-3.2884772180907444,0.09599357563717736
-0.49351587548890646,-0.2825471912489522
-2.5402344908026073,-0.8374286969335537
-1.6526292156100812,-1.4949810186728278
-0.8312495957501305,-1.9256870842624536
-0.08400256836451886,0.44223633312568345
-4.030146324789369,0.04596293619767277
-0.19256877548175938,-0.06708034998396034
-0.7027281517328924,0.711254070691095
-3.2775575100461576,-0.05971573833523377
1.334356357648516,-0.02866739249365357
4.745060156480803,-0.926753885978849
-2.76669195760472,-1.1331375262372776
-2.7962708185178426,-0.9257391620148627
-1.926245068191564,-1.182968336740755
-3.316464323589245,-0.7906345525960541
0.2747899544520863,0.2934959640832924
-2.5820232790642725,-1.0842546516266331
-1.192172057203223,-0.06497356512586767
-0.6595562634017109,-1.444049834655385
2.413647812830033,0.5387420338585103
3.516341911714442,-0.622973584815949
0.13634514533342568,-0.7781137582980351
-3.4273719707857753,-1.208822260226787
0.8772606884909218,-2.4014469360429924
-1.229267234231297,-0.9512802466947827
0.6538870442827214,0.7160826404992139
-4.132052411706059,4.860092478097224
1.0271633799391624,-0.612239030340036
1.3499590530603207,-0.4764158930492294
-1.9589851987981044,0.41543164174309166
3.528873458879246,0.44050514913014166
-0.7530125846662842,5.253506076603204
0.8983802199920645,-2.0664218172066375
0.2087558526825815,0.08635903506135495
-4.049153822461995,-0.24376644756909202
-0.5683178908264193,-0.8758250662629469
-2.8473480403411804,-0.38905997935054826
2.916428237083051,1.1281155562977974
2.242402417590193,-0.07482233962676327
-0.16274095131503064,-1.6121894249034374
6.740227669784648,-0.8302363480263488
-3.413318674372905,-1.1629654657092163
-1.8140270193858954,-2.1004185199770333
2.682144377046172,0.18211568654131052
-2.6770141964764083,0.05177046817777226
-3.228086114166728,5.843430115629033
-3.2155616740147623,5.797369850330618
-3.1390185525413745,-0.7528735252946699
-0.8529161976697289,-1.365291952759966
2.2132188896528513,0.8015773976985208
-3.1051173127249543,-0.16537134871700462
-1.2675280695352213,-0.9169490062133818
-2.3070589348516735,0.26178354909840074
-0.8321991100841911,1.1567022709591597
2.114952016776257,-1.3238100828062624
2.890023323732117,-1.710446363907123
6.269798884911651,0.49130613102256926
0.24968489906719016,-0.5846517151548394
-2.107008047312876,-1.0096389395189056
-0.7629270357000212,-0.003368812657965626
-2.6058053806008052,7.040695716486679
-2.3542565418581693,-1.355318175387523
-2.2783414324633906,-2.5870402704905877
-4.47648125172493,4.975815857470314
-0.11491238209140273,0.7733773405804775
3.557367719787114,-1.5143580696660692
-2.17893457556392,1.1569534260952237
-1.8412213445738301,0.09616116196048147
0.2771650012174664,-1.5915610332276469
-1.5344955044645308,5.733724271459829
-2.5817033137001433,0.6445519433258667
-2.0602958215968203,-0.5449707651482832
-1.6461857270254263,-0.7449062276187838
2.1820697348568516,-1.3522321421374692
-2.780625428685067,0.33268705139721744
2.0245848690624184,0.8315618615409405
2.663909705075439,1.1941216134212413
-2.4763504255424613,0.9674719469697377
1.979088463455294,0.6936460648456452
-1.5088534133850668,-2.019737494606951
-2.1964501218124406,0.7345388205095604
-2.649334699700063,-1.4327697302930975
-3.661500553435249,-2.0756752012151334
0.47748457444613535,2.316996258331644
-0.4714825102050025,1.377128890220114
1.5830555602230842,-0.431793817858545
0.35066860006643474,-0.4804078726129708
-2.0381495967212726,-0.8331917565931002
-0.7340127305819418,-0.7581017243527296
-1.7078028454158396,-0.6062721416537765
1.1772928014943331,-1.4631168319788215
-1.0249795098669574,-0.6395302046251065
-2.571577854299274,-0.5658560915899826
-0.31771183005893733,-0.26273800795608404
0.9081649253741141,5.324051699926394
-0.5078887529634446,0.6944321176212943
2.6021918959814108,1.2201595841189938
2.7661039681002726,-0.08916324582395985
1.2406345868401283,-1.4387437589207357
1.4210712675489012,-0.20401209160592962
4.309578762758,4.299757689500257
-2.5472789642573233,-1.0752305166406113
-1.1153029080114112,-0.34790239347351887
-0.7099041658452863,8.588353925837083
-3.90124488068162,1.1895988272711422
-6.6719874842212175,-0.7719693969307858
-1.5288516846624305,-0.5752525974284757
-1.3420798274587153,-1.0974495777737574
-3.4005463484018468,-1.2318041247669587
8.164791185495178,6.7700327664556035
5.438406587683368,-0.7173209237363357
-5.528179706461568,6.21208366078344
0.30189125660358057,0.16167151759623535
-1.814529050441187,8.430747037998659
-4.1460142397640904,5.352114175412872
0.4106693164792004,-1.644400429066146
-2.6839931499710703,5.06690758703768
0.6187798303628128,-1.984041631463018
-2.8500518861142883,-1.2912395340804166
2.5330952178675794,2.558768829804592
2.1842190070836014,-0.47694375807689654
-2.0574029056155334,-2.480217949122191
4.443570433618739,-1.8842060485261816
1.1151676704961797,-0.5577917443433076
-1.9741693030738208,0.926269980690018
3.7889421919906834,0.14502100211002622
-0.557229540599978,-1.2643887509224054
-1.2306731029209095,6.462632832158179
-3.9503651066366166,5.947009796576001
3.83692135370057,-1.5705662828889728
2.614243629819104,0.06980090502168389
-1.3721633275322627,-1.6803174815767679
-5.481527757498367,-1.4560258330134837
-5.917266838608877,-1.375672534695079
4.777227324077262,0.21745919718993206
-1.6449375260325643,0.5280019924787295
-1.1036591607866277,2.0334503395579735
-3.5347952795381326,5.5546992289333375
-1.3689422719049902,-0.958792579947483
-6.752206137635351,-0.08617876315990722
-2.863350271267698,0.6755422405492786
1.983324796253172,-0.5743522751776992
-1.5872427856363818,0.2823828866206214
-0.46940657760529886,0.02463016874052606
-2.5191667693024558,0.27911604418684544
1.9512324737155922,-1.0236219558910833
-2.0465357988830317,-2.7682652001259944
1.6213851663414967,7.429397032650776
-2.2001382728467327,-1.9726715129673071
5.918020824920838,-0.8099452708026093
-2.929134250193089,5.1237881393927704
2.0795710339371243,2.135002914339794
2.3570353494954097,0.08324184133476781
1.8899914066738839,0.5237843014902677
-5.072656995732146,-0.7722008365187462
1.4847542894637196,-0.9611229322652691
4.056869886654312,-1.2127972751122775
8.425884733926607,0.3480162557612372
0.2779261180324908,0.2089673892248757
-3.683210535825725,-3.0650442178775488
0.15331044120266307,-0.42234351056849284
-1.7437188833938062,6.704434776706708
1.5126676294454173,-0.16129258380684533
-0.14487070425961912,0.23844592568280804
1.2190191989202466,-0.19983548552193062
-0.6871779207214234,6.5518855490687375
2.7313589078793274,-2.4121658798698813
-4.885578858244241,0.2871024073686331
1.3687258387214778,-1.505019503925793
4.405084469634894,-0.07981562785933928
4.158723408554642,-0.843382993979375
-3.1686848405198704,5.840553885155753
-0.3057309294029435,-0.25924109023586045
-0.47727203699199555,0.820125390126048
-5.438972636877311,-2.231711265201167
3.8965961257206647,-0.9068211543965663
-1.9232934883235544,-0.2879904665899261
-4.838946607508213,3.588624746653402
-1.0550724802209785,0.9122760016260277
-3.9207929355743585,5.507362863451891
-0.4133034937157931,-0.28044322772375113
5.507842826943798,-0.8422581723302565
-2.3486353310589156,0.32554381850253383
-2.7886583386028887,-1.986379423804397
-0.45820932242013157,0.3662241452194846
-1.7705730117869716,6.813476585373459
1.7749413876456408,-2.6610933368922622
-2.900934552095026,-1.1121857656369722
-1.5435365599364406,-2.0542447400307577
2.498903968034925,-1.077394472402617
2.7988300688075016,-1.1101311071645064
-1.0824667055554589,-1.4341278167058207
-1.3809567334992756,0.5334987494519308
-0.714805368374977,0.7557764645154339
-3.565195985024788,-0.47416068530613764
-3.1488412816971603,-1.6725983883347557
2.1977790449774393,-1.4391719560326452
-0.02259872693935391,-0.4485933288335463
-1.13855746740833,1.333425448222274
-3.5520815866446056,-1.822595955211407
-1.27116539717913,-0.9667939304363722
-3.3170645961821976,-1.035941524256606
-2.9400954801822494,-2.3804911113709495
-4.332627454101335,-0.03022282310997478
-1.9252556829404066,-3.0978717448262563
-2.868317505779523,-0.782417496189462
-2.182947464907978,5.381069262751792
-1.4527215242576819,-0.34884103074367073
-3.3701824752669856,-0.08082842017072722
-2.5105973438806055,-1.079295804653191
-0.5725971682528063,-0.34140634990408747
0.36119357841822575,-0.3416862343232521
-0.5553879650948869,-1.5317523281700183
-2.0675395933122473,1.7061557010637627
3.8387515947557342,0.9085143571652056
-4.453582542339627,7.379780975143261
-5.180513680654612,-0.8268115379933553
4.677170321699315,-2.593154409004635
-2.193178787959954,-1.0184063576534248
-0.655194210660317,-0.0023928822900240007
0.39755712916800123,0.33015690455965935
-2.9392162478571,0.5189324085430499
-4.243284317077607,5.768593468589214
-1.6238561741544015,-1.0820905535227638
-2.454801160459162,0.4974066734735713
3.1000129256166367,0.5747242920566371
-3.190268923374698,-0.8748685450997571
-1.2034878618690328,-1.1991076718668452
0.07051502486974684,-0.6308558806413879
-1.5016535917300484,-2.4172815604705424
0.5416609503034241,0.01870907237252989
3.6118124377747667,-0.37086507977658784
1.1170144435245541,-0.6511567344740672
3.302849079381839,-0.8732441549260036
-3.398449175648121,-0.06835154078113091
1.4892204599546743,-0.5474328962594502
-0.3833666844889549,-0.2782482168292682
-6.108652554786946,3.437351557973864
3.8662070827446446,0.9484809645779331
-4.971075199316134,-0.4562887138971848
-5.243801234947793,-1.0153476093233338
-6.792210365346055,-0.36467727326904187
-1.9241216769037235,-2.418619331016696
-1.9143644913153215,-0.4221100117944349
-0.6766878060130906,-1.2966956978463424
-1.6160613443207903,1.3653231857849486
0.4919168494189034,-0.6444537381011964
-1.8941680837702415,-0.9946810514128079
-1.6447917498794404,5.792854784286711
-2.392980263754588,-1.5591439108129703
0.959067169287015,0.827001223135543
-0.48033664541335114,6.5665037153519465
-1.9708099006487714,0.2806649441842595
2.2052199367044647,0.1355936213872559
3.033009638026874,-1.8559350930530936
-8.090419295496416,-0.676444805573806
-2.9226299472048303,-0.7811528176354422
-3.45919508074299,-0.5011353854889142
-2.781377865045211,-0.37056230832971354
-2.1353966378513314,-1.0441422291906095
-0.9018217367119908,0.20070181508893084
-1.5839970225299045,-0.9882388342649073
-0.3509718621569905,-0.9304546809826002
2.097676990145037,0.9276875704345313
-3.4496413224287057,5.785202456508172
-1.7547490715853387,-1.5761518200015185
-0.19400908851550325,-0.41149886638174177
-1.4633920703329106,0.31560303944704954
2.292364783385626,-0.2598318420546854
-2.818108103838631,-0.622910531473263
-0.6136564380007229,7.708041436341743
-0.7765693823715298,-0.8118071100486618
5.48209052592923,-0.8149565875212775
0.06419488146885917,-0.8781659154191741
3.2153614327118216,-0.7530413873448071
-1.7189705789975822,0.19175180363692115
1.1271117730126288,0.5636823456520982
1.3661658695001244,-0.1790891105382386
0.611646850036319,-1.081413463901463
-1.010935416752438,0.6272563188945592
1.2763138925653525,-1.4376554985315222
-1.780266427722829,-0.5366921262591099
-1.8821520086450538,-1.388647222900695
-6.024762035674453,-1.1761753775575576
-2.947956544684617,0.8834281783668472
-1.4215091961847959,-2.429096934312822
-0.7524321543923345,-1.3876931902189975
-2.395038088430049,-1.3230740502333904
0.5652077055642369,-0.5909955874866291
-2.403215877307231,0.5063854532949662
-2.093320529947694,5.6507789405360995
1.003657422277264,0.10127176776444388
-0.7428422132695115,0.5796693846862686
-3.0715293177589276,5.727447976944856
-3.2247577417654933,0.21142493844114452
-3.3189773333890633,-0.744134631632933
0.19309984030276597,0.20224228690358326
-3.074576487210728,-2.5177764326375174
7.937971347739658,-0.42361669736969726
-2.2935982555228005,1.1143839289413495
-0.24704500860772924,-1.3893931632298178
-3.976911122132125,-0.601582236546976
-3.6036644575693204,5.836888104384078
-0.6897644453200273,-0.6580824242238725
-0.25308541327902007,-1.3693935709183727
-2.4753829290073996,-1.780474043851979
-0.406228803756609,0.25972247342177357
-4.333652085386952,-0.10720866207181891
-2.22206345462377,0.7358359214480596
-0.44496991515822376,5.81592496405979
4.306538318905788,-0.5559710979051649
-1.2205480982835264,-1.7207121910218148
1.3935113315743075,-0.3249102188927731
-1.322799347589542,-2.7479741966497633
0.3743375078729311,-0.09129852936785524
-1.7987448165926314,0.8713241817841813
6.473186148745822,0.3765179698063778
0.7857528735789928,-0.6545111889501551
-4.2078491553052,6.01093945842647
0.8194199990636177,-0.3531777117125157
-0.9902039516407297,-1.6332299216844803
0.22819038323749266,-0.5475743382069398
3.383075939532604,-0.5237632765883163
1.2669961649613757,-1.0013894227927125
-1.004697213601852,-2.2658280661332495
4.002607759794568,0.10525967971552558
-5.332385605847919,-2.2795493999256076
-3.6891025530401382,-2.2385177688707505
2.897251354381578,-0.20158868610817854
-4.618537074408566,-2.57757330422299
-1.2804862105436368,0.09675891850131206
-1.99033255718567,-1.0617867593811339
-0.40932925891561084,0.18970723826495933
5.574485604233648,-1.052205351554282
-0.21413883417183002,7.575643082813496
-2.2531690006733425,-0.8461172945894093
2.293698773131337,-0.7695618841601773
3.9423826498181698,-1.0439185926914494
5.075279531547216,-0.6118822922166659
-5.6600374045021224,-3.0593687825900084
2.8003731170226707,-3.0981824199239836
-1.3853850773709502,-0.295949048218626
1.172008437507981,-0.2952962085363045
-2.7527237053364515,-2.6316145932554886
-3.5048531712495197,0.2902554488851779
-0.6631759631291587,-1.3788583512538137
-0.2906539356801929,-0.41556051034576635
-2.311317437801034,5.989184762086816
-1.7590737768111602,-0.15831540513390116
-2.510571763647244,-0.819816480128312
0.0839178425209374,-1.6798245684693287
-1.2977037756164838,-0.7450205139137833
1.1311801648618613,-0.7012873060601076
-5.574904749647368,5.587272488693572
-2.46579092551978,-0.93123835825628
-2.2195179095540114,6.131050464802289
-4.945681763076236,-1.6182995358390304
0.8961727154327822,-2.252943530665471
1.4744121174041078,-0.7833082185088978
-4.5559614923357,4.940746873366014
-2.246582800609978,6.430508623270294
-1.7439224185686162,0.7338841852778191
-0.8122414777916326,-0.3819806939001669
1.2088806514573207,-0.768251045274847
0.34010652448667333,-0.9973665170748597
-2.8488193805273614,-1.6312343605065605
0.03389919167429387,-0.8640131232323074
-0.9384883474085404,-0.3893192173442836
-3.1716892959646006,-2.6511596839479474
-0.828727767503054,2.5430100975668744
-1.5521685336206046,0.10894786907097319
4.703248810489006,-1.1350415305859767
2.636447249147058,-0.32550987563536016
-5.40307984079298,0.16382317305579766
2.5091020009304836,-1.6633669910321645
-1.2299198828337001,6.3204213895500825
-0.9052198044054032,0.503740161961088
-6.067627095427983,-0.1392461433414466
-0.667615942233879,-0.10628149699700444
-2.2656317968197506,6.209150567816534
1.9085363886740936,-0.5955786483821756
-2.301811115376147,-1.9409049723285994
-4.172101575958987,-0.6310762777987371
-1.6771145940084704,-1.5160626350311353
1.9904285623304907,0.35510903464023497
0.5241044634879277,0.23416299591668205
1.1410757721898224,-1.996075273765888
-3.4883033880181533,-1.6252550677676012
0.1459514872479395,-2.016399350158022
-3.130119072245355,-0.5746315461150843
-3.7612877184191373,4.862509241464678
-3.2455730755752943,-0.1539323112555446
-4.1440172648713824,-2.8941265848109192
0.2997300890112422,1.590051562996481
0.861190172227771,-3.8816398948787265
-2.987951320125892,-1.687731058660345
1.0461719395392481,-0.02905235770945097
-1.6908504473423986,-0.4783228502120614
-2.5958296106865726,5.015606914738875
-2.3356710842281054,0.8692692610128446
-0.5133026987878789,0.7847802733638243
-2.749537924652921,-0.48279375779551875
2.5085631940226043,0.8026997684253476
-2.0891640620630882,-1.631835917328365
0.9252229056848044,0.05661166666680945
-4.0183607089035664,0.13133010873497777
-0.3023704507744472,6.384939768253899
-1.7200068211074355,6.879724243063555
1.6331329966659416,-4.042327231953084
-1.5912122156424497,-1.9358317628293433
-3.089821519070323,-1.263757434751525
-2.2259215617027843,-0.11847645967630052
-2.611519336570317,-1.0194511303371365
3.315035346714802,-0.6660413884977395
0.10699649544733127,0.5417137197023706
-1.1179665966557262,0.9889285414508449
0.8960411824952724,0.13030703211842015
5.032729571098509,0.15455173370454023
-0.770969485286752,-1.2245096790760335
-8.090419295496416,-0.676444805573806
-0.32684173875634615,-0.3190467978810936
0.44825562643000894,-1.3673437176705356
-3.70142885710882,-1.1522688501603884
-4.378774203882135,-1.3773259124984618
-0.35368794422865324,-0.3609578615951843
1.352984287676554,-0.7183795709355636
0.4494763814409782,-0.5697331898239281
-1.733670540214547,5.701860587331869
-1.3326876089887134,-1.8839358143702811
-0.893394785108004,-0.7642937187423678
-1.522261730271204,-0.10173776642754062
-6.125414624237665,-1.4183396349245938
0.18512764671067616,-0.44007154550022154
0.5595001635896829,-0.39122002571951575
4.579723043064857,-0.5690764515211406
1.882744426890396,-0.12411672006626372
-0.8736586750193361,6.176065039680235
-3.3412460501906103,0.5833116390778825
1.8248591648601389,-0.7007537752144796
-2.0840163826788993,-0.6879065048879212
-3.372884536479182,-0.5248867740802676
-2.9556544422075492,-1.2048993926323142
-1.8900542541660383,-1.2089619080858278
-2.6846077969886992,-0.2149979582312684
1.1415855686934788,-0.9646747312835903
4.410057092719128,-0.6998595523534474
-2.3165598429355305,-0.16199968592487266
-2.06446153609325,-0.8806693125359518
-1.4259519545043928,-0.019421494906301857
13.62515031133847,1.273586190703235
-4.55876962228987,0.22567077716602657
-0.45499035484392325,6.549653190813328
-2.0627430012197965,5.325995813263397
-0.025113512556364227,-0.22891382276064615
-2.6181908468725963,0.34026110327060416
-0.41151326971815594,-0.9684137381121293
-1.041012731803088,-1.076742695000047
-4.637016910564102,6.054893325272032
1.0920433075882194,-0.3264701996818832
-1.7262103881624744,2.6491603878899705
5.953297303588573,-0.8583500137330293
-1.1934062882431071,5.302070997312266
-4.64248944262793,5.836005944523744
0.1752325810476775,0.629069904241189
-0.20535979192272408,1.1956165195894222
0.15301145039843742,-0.0006634754933865672
-2.642273256360281,0.5937935759490959
0.2666010295789162,6.055964761414372
1.0296561281787031,-4.1366625514802084
-2.2616303503242405,2.2618381142312374
-2.8972582914956257,-2.287581731028716
0.19354506344006417,0.7058070025432969
-2.544832039283409,0.8784816542266914
-1.3210111008171348,0.19983227298256542
4.110839568397612,-0.28147359138178857
-1.8346365858697806,5.754610990662049
0.10725611726501016,-0.5258335622831567
6.443847181461462,-0.6806127891273986
-7.1886856041420835,-0.7044960482039827
-2.070773548140343,0.5970194728670257
0.4980750094882772,-0.9867579410034087
1.2411143060214642,0.8598931355483553
-1.425647272681668,0.6154067995403911
-1.05262934925304,-0.6055055847474452
-0.821671713694137,0.4453590615607362
2.79734323797599,-1.1171161803707117
1.8657942891790131,-1.033767536764497
-2.1094543430016652,-0.7886528134580236
4.322612475008496,-0.6321769045645559
0.14608331341848035,-0.9125499786781325
-2.0316920209904246,-1.5241288485201852
-3.877396234657954,-1.738936631109246
6.483057618951448,5.094484603697554
-0.2217421795592085,-1.32315542112019
7.369724557174559,-0.5785176585031924
-1.2248610303811989,-1.4377314686604212
-2.7896229183206254,8.526329446277312
2.8632157799273465,-0.6158183192338749
-3.38907736599165,5.906154565250674
1.8470814165753635,-0.1501882363927894
-2.952752617237137,-1.051632553393017
4.193876430904791,-0.746846414098059
-2.7595602874833576,-2.1713706062226414
-2.6931210557357166,-0.34051308565073707
-3.176679012850398,0.21516252632051536
-3.9317472097154313,5.7712950430927235
-3.504954814038232,-1.683974974433889
-1.0058196072584533,0.03247887300668386
-1.6484471772578055,0.23993532391856195
8.388209191868008,-1.0141540708527146
-0.8774745347380027,-0.5883896272612816
-3.4114383192951983,-2.250624609759453
-6.891765329637953,0.2380153185078458
-1.0506132758787607,-1.0414141620192623
-1.7115074128642027,0.3620659400243817
-3.007829430551921,-0.93827330463343
0.6607030318272398,-0.551217323614918
0.33912039506132097,-0.7596842488316464
1.8872438562961436,0.6248290024756087
-5.557101230290291,-1.8572611663556902
-3.179169716244329,-0.5459712037688288
-2.652422150045604,5.748817158077779
-2.3155799387920184,0.7097146634441683
0.1804391729403788,-1.0075749112300028
3.9683478369595964,-0.4316406607602403
-2.0000747890133157,-0.5444964304333926
-3.446495017498766,-1.7439560594481525
-2.3189249986115668,-0.8858038068438266
4.3626451579311345,-0.2639335160467461
-3.260565586613631,0.32115443092465024
-1.3500251407789363,0.3508459145584183
-1.5874326023789034,-0.7977260945215273
-0.4932245576589429,-1.1794785384505575
1.0872731732259597,-0.14278122481905625
-0.5336816695210471,-0.6740625996969943
-4.169461432458296,-1.3470311234011296
-4.221308334029433,-0.4665857148237679
1.5235139757823633,-0.4421737187126704
-4.17469283162731,-1.7008654106149592
0.7629327542549202,-1.421783693920557
-1.9277272567775328,0.9678839168956821
-4.901259363134599,-2.184539470699135
-1.372503901739931,1.1535523194533739
-0.37983384078878946,0.19216944289829208
1.4702895626114323,-0.7868895900221262
-1.3310678388589012,0.5624739194305559
-3.072344374735534,-2.510157321457132
0.7916643416708335,-3.3272804122136512
7.487447954153537,-1.5743110981048178
-2.970375761098629,0.02265127149441112
-3.2028680206024167,-1.535050446768281
-3.52513691994891,0.5715292211497482
0.16829517480404385,0.5185336358799322
-4.4149137082328735,-0.7377066110559878
-1.1214493404709942,-0.5987858892615167
0.30647567953993304,0.2507815367002162
-0.18358905403279085,-0.9864034519980698
0.7272704750813047,-0.1876495632417529
7.992386664223725,-0.8887278047098659
-0.062392166025205406,0.3655229885240063
-2.142292432561941,8.00527481067739
2.4775053151226887,-0.06200305321526074
3.1745754281341085,-2.049833980690832
-0.6727311414180884,-0.09812028245240442
2.4406125863778327,-1.0422149680924637
1.5496662922426372,-0.21490940375459372
-3.5463269176318573,-0.7085236500205931
-0.09361920454542386,2.248945149934451
-2.305401424140842,0.03216150237534181
-0.10431702928327838,0.30856155868924096
-4.853953833665248,-1.8125637717994518
1.5267153853267994,-1.2805271043632904
-3.239778860926182,-0.8544436155163161
-1.9589851987981044,0.41543164174309166
-0.8954600632957639,-0.17608846591537158
-1.9417373558721942,-2.096178455412509
0.3937703042660017,-1.2406622228690123
3.2658320497081923,0.39988011948659846
1.556623686629456,-0.8490644731999626
2.45263229217104,-0.575051273662519
-0.932611090226245,-1.1021917430954586
-2.636023046939734,0.09129169268825996
0.8627167674520112,-0.5452633661623332
-0.37030172447222476,-1.0721003392773738
0.0425054153323753,-1.967385565859563
1.6564651306970748,-0.11574472803859677
-0.5275622053690051,-1.2056705780376993
-2.2698596754639326,-1.840949569235118
-1.951271009205652,0.27907566872247197
0.25751109514607895,5.456806237288684
-4.099209177910383,-2.9897311574632957
1.1515283830948269,-2.003885348345328
-0.8214829958968098,-0.15122581244378264
-3.403960212955043,-0.052411711089609625
0.9592016614859642,-3.895964774202048
-3.0343008750598868,-1.1179744672806438
4.026505599054719,-0.7458395257402548
0.09625018807849564,0.05993518389554934
-1.6774991242572823,0.23246093188690906
-3.711666505206533,-1.1417985827858819
-2.662864235027048,-0.9227610564827858
-4.473111732553437,6.701505835380299
-0.9050820184152889,-2.9075456536869173
-2.8937774283199165,0.1828611074355009
-3.588080144694388,-1.5811089291679181
-4.312168057374497,-0.7283444919778429
-2.1150534576665936,0.3791067809623618
-4.09808852214607,4.822566582919743
-3.6295824324915507,5.767282993890245
-2.6366342459158716,-0.9872817691859886
2.637114159507828,-0.08218907821277603
1.4055627206511228,-2.484398075853319
-1.072531360751538,-0.11516018051363862
-1.1061333312490615,-0.7205796999051524
0.8159578624791447,0.6467631334317226
-2.548590627410234,-1.5237460663059155
-1.4725572704254895,-0.12057500445422281
-5.119489590300335,0.1275603724197148
-4.337683449586403,0.13322121255472552
-0.012948917939294083,-1.9448933438330207
-1.6524352511825475,0.5322821411498201
-4.263858898248018,-0.45056715709073775
-0.5248517042942716,6.140681810495729
-2.9031368108441025,0.6826022742326108
-2.3486353310589156,0.32554381850253383
-0.26738996233706736,0.2827011294889227
-2.283734499000459,5.539429474784293
-2.7248802374889274,0.7425332489516122
-2.066425589765255,6.968398317846997
-2.501213432121824,-1.603927108316312
-0.36807713722342883,1.0882489029312439
4.075243266359734,-0.3392949431391444
0.08753810414346462,3.131014276007166
-1.1377583254477766,5.2247588180449664
-1.634973713832209,-0.23744985398640672
-1.06523094274449,0.020839264866785463
-1.29079582108245,0.5114538903742233
-7.946801801599787,-1.4811634068903903
-3.135421817935512,5.614655901240348
2.9054011924274064,-0.072584439850292
-2.410045335659043,-0.1526026421727103
-0.9343549854029126,-0.15520114886673006
-4.9156452596966815,-0.4571430047757948
-3.328208817755142,-1.1032995339937868
2.6085653781717055,0.389286529023404
-2.628026731684913,-2.2639527223543077
3.2366876675677205,-0.7656288634191964
-1.9307408596552444,-1.118955074947803
-0.6279888204358504,1.0889063544381425
-1.552945760511216,0.22963224797350534
0.4419181186767314,-0.7517160784257617
-1.5164897747997361,-0.25588264673063715
-2.6825236232457175,6.854006990112055
-1.5967945877822032,-2.506535055787028
-3.0433098013897197,-1.0720107531150693
1.4904861587345348,-0.6471639597883989
-2.9923176553853703,-1.1147683520091545
-0.27930338353661577,-1.8909582488330101
-4.0529161280542345,-2.169341230806648
0.6723809341441355,6.4628725413797765
1.3926886167561003,2.3913752509681956
-2.852685677948473,-0.8911429597609675
3.5936286863531577,-0.9171434934239419
-3.1050641589283132,0.10668431883943998
-0.6643445774817142,0.008327322621199623
2.482934454277142,1.2243039783399938
-5.2340064588998985,-2.120620898481646
-3.1550741314821167,-0.48632867158352905
3.3381609172795415,0.330773915332231
1.74689218044958,-3.0970736606168114
-1.0375410049227196,-0.3003201472700442
-1.9888880141845822,-0.7433017068453076
-1.3854618951264233,-0.1697214262634537
0.9510065693418902,0.32472444337235007
-4.858230165766061,-0.7125433710133433
-5.917028960174396,-0.4299046638531442
-6.231795392210786,7.643487629384792
-1.8379574121551543,-2.111125454019714
-5.6102827378347015,-2.5912091522047103
3.5575564332218548,0.24518412337808046
4.944201976998096,-0.061521572670219245
-0.8795344835679527,-1.4378285857338287
-2.477997370588568,4.985089366418793
0.5043718685426746,-1.8974741659448884
-0.7656487429891218,-0.16590478799036715
2.3121136336577406,-0.7759301035126279
-2.0853072625132927,0.2691639657336701
1.3530896225792408,0.6533499427949434
1.0538181238433868,-0.34208685777145326
-0.33458516144711764,-1.0406106428671122
-5.517287534389171,3.484075763948242
1.799900292187096,-0.40729709837240063
0.613792424640327,-0.24189747596920416
-3.778365303255341,0.04719446549069357
0.41758482009943326,-1.2314602734843454
0.013124507829848794,-1.4244194228879326
4.048092989094102,0.4819239301185255
2.9706879576803082,0.05287231994598278
-4.973260301642296,-1.7914036154331685
-1.8595971873049182,-0.10256587223064514
-5.400104666267875,-2.235643170148526
-1.0126843855580894,-0.30028432524162724
-0.8783038347428506,-0.3138385069656117
-3.01849188178464,5.783078003938481
1.266067085645439,-3.2740652829493553
-3.377561975585446,5.659839797782544
-5.6399802313768586,0.46870749257630123
-1.442375966943323,0.06262771540629475
1.7966702253168072,-1.458077058793179
0.8507803926734956,0.6748686310016697
-1.6475927749788986,5.913126094079178
-5.477535669928211,-1.9148423110366732
3.354902415453224,0.3619086111548461
1.2702310259770744,-1.748989022251061
-0.0766754556151226,1.7215219967547495
0.8336850405608214,-0.3898521780367999
4.251625172194255,-1.3770581705997582
-2.1469395464040923,0.0036163109093715834
-4.283106944406804,1.621265725871856
-3.052893876266992,6.181894274031861
2.026814101135489,-0.4982298053973293
1.6749809545160366,-1.333372203171342
-2.7446316386207044,7.086273478293774
-3.8987398349799176,-1.1368386697784685
-2.1947001813339586,-1.152277877070033
2.743034286876514,0.26264674173565783
-2.115181249855057,7.5239560405609565
0.6463179803762518,-0.04282405534699929
-3.0214600269790552,0.14691756729684424
5.222641585168347,-0.6180330457850618
-1.0286220006980678,1.6633555036040393
-0.8621297575554023,0.44574429433857743
1.5218266473243414,-1.5686824986485748
-7.645927402711019,0.31215353516166616
-4.272384160805066,-2.5802985840887374
-1.4052976053171868,-1.2416880762618143
2.825698272912517,-2.3629455601219522
2.523121406495816,-0.0010264383289177675
1.4534791041936594,1.4970220310760591
1.3191773786537218,-0.050688130040548805
-3.0514055580277772,5.637219216495196
-3.314648668422381,0.8515441500738345
-5.583170775968593,-2.186545602365021
-5.863837612186517,-0.06202640995396511
-7.672032044629003,-0.14704999363818372
1.0198035295934613,7.377681968319958
-2.2748321486103906,-0.8267238166398475
-4.321207629423745,-1.9540136359703337
2.509910398238537,1.084435669162059
-3.1697223331353865,0.36218034705856494
-2.9440015383122318,5.343129717531552
-2.805955202567294,6.568052414874674
-1.905125566320284,0.3528716985800581
-1.1313508853608432,0.2850398059402563
2.194804295112742,1.131127118953906
3.1879532174619216,-2.0799004676087844
-3.3356137059756543,-0.7581164392063279
6.9742199305225085,-0.8715465795016657
-0.16653259800313452,-1.0432530675108096
0.23648387243380037,-0.728010807330421
-1.4991144054065269,-2.028119567280728
1.3419878140141381,-1.7144977558911325
-2.9240249822047955,-0.03189641120451633
1.409186733748683,-4.247435365495994
0.5433727532383753,7.994192085379443
1.4934169860816142,0.05135600654267619
-1.0156551330172527,-1.7913228718307341
-5.9075329804377175,0.20823296364525176
1.713985834180192,1.692227960347831
1.954235868482755,0.3750029746108787
-3.5553354956015952,-1.0663277387534127
4.378278575229857,-1.0137799532641707
-3.631114369119482,-5.505167958170362
-1.597219143683683,-1.0871690555773983
-5.575223881802695,-1.824603175978948
0.2864817230022523,-0.3956295186916937
2.0243227302562965,-0.15646133777879295
-4.915586162220933,0.6090536752425056
-1.974284078108784,-0.01930649575591537
-5.450435674500744,-2.4742250776097237
2.916952283355058,-1.5881091206767184
-1.8511754008184471,4.163799334042914
-1.7900391074896793,-1.617600331807788
-3.767015980677253,0.5405959597607815
0.1063171964277301,-0.7413343377163398
-4.640140960007908,-2.281881818634101
-0.8121346130855478,0.3842270185880072
-5.514764673609582,-1.4506608733703727
4.703248810489006,-1.1350415305859767
0.6625248315149527,0.11913062846202163
-3.3856704939628193,0.3904482762372738
-4.01910609534116,-2.6218992929941196
1.1906447513147997,-1.31878217551819
-2.791403684855901,-1.3708253787645415
1.8555352163246037,-1.457182970981819
0.12830622681149995,-0.2068001693399791
-2.278983894734441,-1.4079962843562275
-1.5861715087218564,-0.28484232882374616
-5.674173824601012,-1.0499563640288279
-2.149946793635465,7.821127589441636
-0.33652852727176524,-3.463549824593549
-0.6044023286996953,-1.4131930827847043
-2.428175236799039,-2.464343144093467
-11.371997341264926,1.3036572353464164
4.412755106276939,-0.34206084682518645
2.254029721749953,-0.5916981358956325
3.0475442121580976,-2.117944634860552
-1.7119904237727908,-0.8988033996215659
-3.1778658215172646,5.611244854554296
1.0980550880224782,-0.936097044764435
-0.3941262524874661,0.16393143338201502
4.691527260219753,-0.33675856684669875
-3.123604644393953,-0.890965745609446
-2.2527128446449667,-0.22691482296354024
-3.0638476561613266,5.8760291473307955
7.3712210925281205,-0.9656170803324207
0.37579707385362204,-0.7524776024976552
0.002407561640118684,1.1447010784038216
-2.5118559721718534,-0.520477366514835
-2.008659490665395,-1.0212143079546363
-1.5362671593904613,-0.35325759074072727
1.5631625752221403,0.44702705080934296
1.0716144601270399,1.9916401808825162
-6.286891441842472,-0.732465862076703
1.417319578437609,-0.7620084992552657
-2.142916037453792,-0.9612032095192639
0.10023741268215386,-0.38429375112588454
-3.6474854114432844,-3.05862170910998
1.4938950524252634,0.3008157330311795
-3.40936621775681,-0.3217710530896369
0.08909905295202858,0.42369910630387
1.3627557677697137,-1.3660507221880727
-4.335019403857268,5.766851704288835
-2.810118764579886,6.933583318082057
-1.5802814819258149,1.3985236826404794
-4.314630857865435,5.642214121965032
-0.4175024726920745,0.09236757749799933
3.236317158538,5.542504702270916
-0.24863625174930729,-0.8232726363328937
-1.0275376903962496,-0.7054197511919864
1.1950867905142064,6.293509897903017
-0.5474393945126846,-0.03511977230109777
-1.5201662272621903,-0.31566309582421187
-2.9545169209688544,-1.4113425206957702
2.7132614056208078,0.9168245067251344
-4.774003290915939,-0.7194700945624276
2.564215335069032,0.42193776633914704
-7.645006691506178,-1.5325983935579965
-2.8935581668572867,-0.9660679432908788
2.118481007557692,-0.916638632401496
-3.107687848462871,6.197645132146964
0.9474891738245483,0.4870637410423496
-2.9694242990470645,5.206710379307301
3.2815550825769746,0.8409391832085746
-2.426423808501975,5.696507155665839
-3.380972602114175,-0.6332060675308046
1.1032902859720688,2.628969291121346
-0.7847245558855812,-0.9254887656230815
3.0306955577763746,-0.37904396509289406
-1.5415835489740588,0.7339681386280669
-1.4504385822465582,-0.07840636427396376
-1.769317977503783,-2.022483396622395
2.5412601171679903,-0.41078985430382353
2.362198140107541,1.436263940701119
-2.819827071193409,-0.8664200916254673
1.8440192087810234,-2.7344677164541826
0.9728820557787897,-0.3446579203450665
0.9961120429770491,0.5564256084842129
1.2300826325802796,-1.2833994773511652
1.2190191989202406,-0.19983548552192257
-3.0660334384723025,-1.2355707107912663
-3.5355717463506022,4.846058472151464
1.6094901588268369,-3.187727842609579
1.8263117146713674,-0.7102049647618924
-2.4415280319426893,-0.4805587109036774
2.101244586882972,-1.600978400608551
-1.643613230832776,6.77499293484438
-2.7211717610156527,7.007802563133152
-3.4632936514414756,-0.5242944052848069
-3.586080078856734,0.46955779694272853
0.956224239196979,-1.323091446030487
4.025306500633726,-0.11102166553404703
-2.2672255529317624,-0.5455581121341161
-2.1156682546521535,5.4617139602845635
1.92557990342003,-0.6791785953198516
-4.399944910647165,0.22324025438696762
9.273715144447333,-1.0156394586928903
1.296045245502975,-0.2736492419127323
-1.3336727805795423,6.289574879953008
-4.592537004452268,-1.6062747637178516
2.5354415452447485,0.7729072336432466
0.030481400605303625,-0.22665885545983322
-4.132983493186836,-2.6385762490025733
0.6081373832369307,0.5523034501078996
-0.5073102999991925,-1.6805788245672124
-3.722747938360779,-0.20594902466597237
-1.1639776966802113,-0.16066568370787881
-3.0539972060132285,-1.4217348917780366
-1.3742410124719202,0.5218868046437842
-3.1682400556986745,-2.643259238759918
-3.594444174930891,-0.04468880418060846
2.9842452305850973,-0.9811548326635082
3.2160120424753824,-0.4114236637946072
3.336579599409562,-1.0114493017673938
-3.3196177890358753,-0.1621099837322822
-0.7131979798681263,-0.42739009225389146
-2.671553419044987,-0.607254603485791
-2.536282201282638,7.400715552207736
0.20823188020873548,0.7908061269315022
5.784262481619832,-0.8542162186097643
-1.1406631106133582,-0.01916307428671818
-0.12924732046976378,-1.314883994328319
1.322427139409677,0.10358973302132807
-1.8827664066629217,2.2457217465811663
-4.842922951839991,7.137438883845163
-0.3166855160252464,4.596883571624965
-0.8986130823696195,-0.1741547021844814
2.4701613372549556,-0.08933801494720446
-1.606405606600428,0.35503093932492674
-0.4822122924985863,-1.6313393974572956
0.0631144012072438,-0.30971758557978335
3.319017543314219,-0.01756661736318704
-0.16446780965138236,-1.167034808633764
-2.8398853099238495,-2.764669813962086
1.0089538484623266,-0.496758234835032
0.7405278525880115,-1.0463549233193783
-2.1696620872429477,0.7204546158732745
-1.6649853853154601,-0.4622372907560517
-4.374621729760462,-1.924238542557508
-2.8213704119644025,-2.0174608243887846
1.352088130581102,-0.012734723622636506
-3.1478680545449076,-1.0288446554734914
0.3005592850760519,-0.6732108087303456
-0.37102683304380374,0.08010693088255175
0.8530378540711698,5.917236958357454
-0.34200072900693934,-0.1453028161467949
-7.89299185148997,-0.5048606205270039
-4.348647977367887,-2.1649925493893316
2.0175991679331746,-2.853457491247163
-1.3286883152652067,-0.9936163055535129
-3.0823587572616424,0.14485666304487244
-3.1565542814873346,0.523495172493378
-5.9527691569885866,3.650084511144249
0.7569899502660904,-1.2540006358913258
-1.95439304594432,6.7835280587354525
-3.953228518211444,-2.655693414028733
-0.8725270724211658,-1.7180433322128994
-0.23492401035703733,-0.689562570394282
3.416468876801878,-3.4126141647395443
0.47407260132245105,0.8787769479944507
-0.1720655737486812,0.17761017517655323
-3.7945614730573256,-2.222772872590442
-3.0707204569753492,-1.623300057316602
-0.682471572562091,-0.8748143958684768
-1.9700348649273793,-0.31594961458630283
-2.109065301404191,-1.147308484431795
-6.320207435221004,0.6335465003042366
2.6656526992382936,7.786902424433554
-4.828318255897071,-0.14515114620971153
-4.0452678008121135,-0.232704218574423
-1.9206200980753074,5.4976687871939
-3.108975691186263,-1.3524743140545408
-5.919220732388649,3.6415201587891746
-1.4180685115212346,-0.7057197515466997
-2.7214882286605646,-1.0515226951486787
-0.665255032731661,6.537719026802212
3.1956087064411367,-2.1377413395411375
4.639500816383671,-1.044759722692699
-1.3130606539064145,1.092995721075861
-4.303295216121423,-0.15811594428206355
-3.4553072455522362,-2.2153920219155796
-1.348514493122106,-0.0699487229024647
4.963473917831721,-0.7859406494453703
2.0817289413644375,-0.08736132055714788
4.005719752350831,0.2557463030037587
-1.7322082526268792,-1.4674488969915154
-2.6092351185349005,-1.9943857407276329
-0.9426148306398756,5.942086451813425
4.314264225324917,4.534221033369364
-2.6049257504762053,0.42485409753138687
0.5189380346795872,-0.5256117018340778
0.25321263809391237,-0.7872185127656057
-3.4517321601969857,0.35106080012059354
2.4073835317789176,-1.4430455664375974
0.0346380209638281,-1.0036772966482717
0.1992296790556397,5.933342766252312
-2.222073783230042,-1.8898491155147787
0.677499339201774,0.12699155918992566
-2.9882190858462803,5.521487000650171
0.6729615328828302,0.44761811428754694
-7.759817826743369,-0.06758452536787485
0.030983761442331087,0.896822815040733
-5.338659745148565,0.3728638342391562
2.1488497406571696,-2.731402976118399
1.8895030813399427,-0.7516568029664527
-1.6223985274683435,-1.505569267379134
-0.06837504175812564,0.12877887984277606
-2.1068744591530186,-1.889386874000302
1.4851542930329351,2.1231354821091957
4.265424133400588,-0.9102903939954821
1.5974604931892216,-0.5313300106060073
-2.6135824596224424,-0.9834419100700161
-2.3542031507297585,-0.6145301405717332
3.011257556977063,0.1854760295037285
-0.17203778217360757,-0.4035490008050562
0.6577092874326833,0.19324055835565168
-3.401704308915185,-0.4856377951761007
-0.7154163654801216,-0.8173722873850716
-6.34657197510288,0.752510304248916
-4.895311805333593,5.920271261594966
-2.6551339060476136,-1.9532500074320016
1.667307830808723,-0.41823569990436554
-6.55994337173695,-2.257598159801401
-1.824852324711419,-0.9809384658581798
